A7_CLUSTER,A15_CLUSTER,MEMORY,GPU
0.109944,0.455814,0.007266,0.083244
0.153567,0.456915,0.027853,0.083244
0.257810,0.458016,0.031486,0.083244
0.257810,0.456915,0.031486,0.083244
0.257810,0.455814,0.030275,0.083244
0.234465,0.455814,0.027853,0.083244
0.109836,0.564224,0.010899,0.083160
0.108926,0.454713,0.006055,0.083244
